<memberlist name="VFPLocalList" casesensitive="no">
<member name="Boolean"/>
<member name="Byte"/>
<member name="Character"/>
<member name="Checkbox"/>
<member name="Collection"/>
<member name="Column"/>
<member name="ComboBox"/>
<member name="CommandButton"/>
<member name="CommandGroup"/>
<member name="Container"/>
<member name="Control"/>
<member name="Currency"/>
<member name="Cursor"/>
<member name="CursorAdapter"/>
<member name="Custom"/>
<member name="DataEnvironment"/>
<member name="Date"/>
<member name="Datetime"/>
<member name="Decimal"/>
<member name="Double"/>
<member name="EditBox"/>
<member name="Exception"/>
<member name="Form"/>
<member name="Formset"/>
<member name="Grid"/>
<member name="Header"/>
<member name="Hyperlink"/>
<member name="Image"/>
<member name="Integer"/>
<member name="Label"/>
<member name="Line"/>
<member name="ListBox"/>
<member name="Logical"/>
<member name="Long"/>
<member name="Number"/>
<member name="Object"/>
<member name="OptionButton"/>
<member name="OptionGroup"/>
<member name="Page"/>
<member name="PageFrame"/>
<member name="ProjectHook"/>
<member name="Relation"/>
<member name="ReportListener"/>
<member name="Separator"/>
<member name="Session"/>
<member name="Shape"/>
<member name="Short"/>
<member name="String"/>
<member name="Spinner"/>
<member name="Single"/>
<member name="Textbox"/>
<member name="Timer"/>
<member name="Toolbar"/>
<member name="Variant"/>
<member name="VisualFoxPro"/>
<member name="Void"/>
<member name="XMLWebService"/>
<member name="XMLAdapter"/>
<member name="XMLField"/>
<member name="XMLTable"/>
</memberlist>
